Wall time,Step,Value
1774776341.550985,100,7773.9501953125
1774776826.9424183,200,7779.85009765625
1774777315.4844928,300,7749.39990234375
1774777807.3521748,400,7745.85009765625
1774778292.0135977,500,7813.25
1774778783.0252078,600,7804.85009765625
1774779266.9896915,700,7828.7998046875
1774779759.7736394,800,7814.14990234375
1774780250.8431983,900,7852.9501953125
1774780741.2961252,1000,7820.25
1774781233.0797274,1100,7834.0
1774781730.9795988,1200,7798.0498046875
1774782231.5785072,1300,7841.39990234375
1774782729.2316363,1400,7824.2998046875
1774783225.2799675,1500,7814.89990234375
1774783717.4018342,1600,7803.5498046875
1774784211.8254178,1700,7807.10009765625
1774784707.1934679,1800,7812.7998046875
1774785206.033136,1900,7806.0498046875
1774785707.2520802,2000,7832.2998046875
1774786212.6799886,2100,7818.89990234375
1774786719.3670754,2200,7822.14990234375
1774787225.2024457,2300,7836.85009765625
1774787722.6196072,2400,7800.4501953125
1774788219.8891504,2500,7806.60009765625
1774788719.5092804,2600,7805.7998046875
1774789221.4830728,2700,7793.75
1774789726.5990818,2800,7796.14990234375
1774790233.1802528,2900,7804.35009765625
1774790740.5138717,3000,7823.60009765625
1774791250.3289657,3100,7839.10009765625
1774791756.6111941,3200,7823.10009765625
1774792261.4583132,3300,7836.5498046875
1774792763.3806608,3400,7840.10009765625
1774793264.2382412,3500,7848.7998046875
1774793768.8687546,3600,7860.7001953125
1774794271.2602167,3700,7845.75
1774794776.80689,3800,7844.75
1774795286.6716266,3900,7849.7001953125
1774795793.5648763,4000,7865.5498046875
1774796301.3045228,4100,7836.64990234375
1774796807.560945,4200,7834.0
1774797308.1942341,4300,7793.64990234375
1774797812.8504796,4400,7819.89990234375
1774798316.485657,4500,7817.4501953125
1774798824.3960428,4600,7774.14990234375
1774799331.9796472,4700,7809.5498046875
1774799839.28661,4800,7796.2998046875
1774800352.714516,4900,7782.89990234375
1774800864.9534547,5000,7815.4501953125
1774801375.2627258,5100,7789.5498046875
1774801881.4685695,5200,7807.5
1774802381.3770275,5300,7797.0
1774802887.0976624,5400,7831.2998046875
1774803389.6277976,5500,7857.7001953125
1774803895.2682471,5600,7839.9501953125
1774804402.5365658,5700,7803.0498046875
1774804911.975451,5800,7794.0498046875
1774805424.1164067,5900,7808.85009765625
1774805934.9211118,6000,7755.25
1774806441.176236,6100,7794.10009765625
1774806950.1242707,6200,7802.35009765625
1774807453.972591,6300,7771.2998046875
1774807957.2783258,6400,7701.85009765625
1774808463.7043724,6500,7774.2998046875
1774808970.9071436,6600,7731.85009765625
1774809477.9773505,6700,7718.64990234375
1774809988.8766546,6800,7773.0
1774810501.0003028,6900,7677.0
1774811010.9253783,7000,7764.7998046875
1774811521.4844348,7100,7771.75
1774812031.3531678,7200,7740.2998046875
1774812537.4178038,7300,7742.64990234375
1774813043.675594,7400,7777.2998046875
1774813545.9312317,7500,7704.5498046875
1774814052.6074843,7600,7764.85009765625
1774814558.7954571,7700,7702.64990234375
1774815065.1761239,7800,7740.64990234375
1774815573.5473971,7900,7801.60009765625
1774816081.1929805,8000,7827.2998046875
1774816587.281688,8100,7735.7998046875
1774817091.367947,8200,7694.5
1774817597.5819674,8300,7551.0
1774818102.8063815,8400,7794.2998046875
1774818613.116813,8500,7763.0
1774819123.8246288,8600,7763.0498046875
1774819636.399099,8700,7760.2001953125
1774820149.7148652,8800,7730.14990234375
1774820664.4556775,8900,7729.35009765625
1774821177.8250694,9000,7699.9501953125
1774821688.0564284,9100,7718.9501953125
1774822195.6269186,9200,7743.14990234375
1774822699.8336456,9300,7806.7001953125
1774823206.69529,9400,7743.89990234375
1774823717.5723257,9500,7744.25
1774824227.2748606,9600,7690.0
1774824738.3957112,9700,7631.14990234375
1774825251.2428463,9800,7720.0
1774825763.7070062,9900,7715.9501953125
1774826275.4298718,10000,7736.14990234375
1774826788.140077,10100,7795.7001953125
1774827299.7814903,10200,7746.14990234375
1774827811.6261525,10300,7715.39990234375
1774828322.713915,10400,7744.39990234375
1774828835.556008,10500,7681.7998046875
1774829348.5273602,10600,7715.5
1774829862.077161,10700,7801.0498046875
1774830375.7267418,10800,7813.35009765625
1774830892.7538202,10900,7684.89990234375
1774831407.4647412,11000,7696.5498046875
1774831922.404072,11100,7722.60009765625
1774832432.8449473,11200,7588.75
1774832942.523069,11300,7791.2998046875
1774833451.045301,11400,7784.2001953125
1774833962.2522554,11500,7653.14990234375
1774834474.035345,11600,7673.10009765625
1774834985.515451,11700,7650.14990234375
1774835495.378249,11800,7708.39990234375
1774836008.5557992,11900,7679.75
1774836522.8346767,12000,7702.9501953125
1774837037.92232,12100,7676.5498046875
1774837549.3150604,12200,7682.10009765625
1774838061.1671152,12300,7603.75
1774838572.956213,12400,7650.2001953125
1774839081.9405315,12500,7710.2001953125
1774839596.0861344,12600,7757.60009765625
1774840108.2524352,12700,7763.39990234375
1774840621.795271,12800,7754.9501953125
1774841137.485455,12900,7654.25
1774841650.5050724,13000,7797.9501953125
1774842163.1247323,13100,7795.35009765625
1774842680.3760054,13200,7755.2001953125
1774843195.2962008,13300,7694.2001953125
1774843707.230572,13400,7691.2001953125
1774844217.8019981,13500,7650.39990234375
1774844726.7582061,13600,7718.2001953125
1774845232.32828,13700,7804.75
1774845741.3092139,13800,7737.14990234375
1774846256.2480683,13900,7722.14990234375
1774846772.126937,14000,7800.39990234375
1774847290.3287177,14100,7786.7998046875
1774847807.6944418,14200,7738.0498046875
1774848326.2062657,14300,7746.64990234375
1774848840.8425038,14400,7799.64990234375
1774849351.9309063,14500,7820.0
1774849863.8432057,14600,7798.75
1774850378.5865166,14700,7723.0
1774850893.3204305,14800,7727.0
1774851403.2505002,14900,7782.0
1774851916.527468,15000,7808.75
1774852431.4196184,15100,7798.2001953125
1774852943.3607855,15200,7692.85009765625
1774853451.6123137,15300,7672.60009765625
1774853963.7927048,15400,7679.4501953125
1774854474.5200622,15500,7685.35009765625
1774854986.0967283,15600,7729.25
1774855494.8222992,15700,7744.0
1774856005.60436,15800,7778.2001953125
1774856515.2870915,15900,7721.35009765625
1774857024.6290693,16000,7694.2001953125
1774857537.7237892,16100,7630.89990234375
1774858046.3206532,16200,7725.4501953125
1774858561.513269,16300,7768.7001953125
1774859073.1297154,16400,7795.9501953125
1774859588.5302417,16500,7794.60009765625
1774860099.7724843,16600,7711.10009765625
1774860608.264587,16700,7662.2998046875
1774861118.0171843,16800,7711.10009765625
1774861629.8532465,16900,7796.35009765625
1774862137.0004058,17000,7814.25
1774862650.2479744,17100,7726.25
1774863166.5781171,17200,7661.4501953125
1774863681.9716318,17300,7694.7998046875
1774864194.3351393,17400,7728.60009765625
1774864707.0326998,17500,7754.60009765625
1774865217.4152803,17600,7793.4501953125
1774865725.4863145,17700,7794.39990234375
1774866235.395164,17800,7811.64990234375
1774866743.634185,17900,7801.64990234375
1774867258.7401614,18000,7743.5
1774867778.75139,18100,7681.5
1774868286.4693263,18200,7743.39990234375
1774868799.635461,18300,7811.64990234375
1774869449.7421966,18400,7806.7998046875
1774869965.4234343,18500,7732.2998046875
1774870475.0406237,18600,7581.5498046875
1774870982.236658,18700,7560.9501953125
1774871496.1933997,18800,7714.14990234375
1774872003.9355338,18900,7774.75
1774872516.5477662,19000,7721.14990234375
1774873028.42097,19100,7649.25
1774873541.365528,19200,7683.89990234375
1774874060.5578256,19300,7760.14990234375
1774874580.0182643,19400,7756.89990234375
1774875101.2996898,19500,7713.0498046875
1774875614.6772892,19600,7648.2998046875
1774876125.7432861,19700,7661.2001953125
1774876636.8910313,19800,7687.7001953125
1774877147.6128407,19900,7715.75
1774877659.9464447,20000,7679.75
1774878168.809552,20100,7697.2001953125
1774878681.9608762,20200,7700.25
1774879194.4172835,20300,7635.7998046875
1774879705.9640646,20400,7588.7001953125
1774880220.8782904,20500,7722.14990234375
1774880738.394357,20600,7695.5
1774881251.1801002,20700,7711.25
1774881769.9567685,20800,7711.9501953125
1774882281.6842444,20900,7625.35009765625
1774882793.980436,21000,7622.85009765625
1774883307.0668678,21100,7673.0
1774883820.3584642,21200,7742.7998046875
1774884329.023045,21300,7596.85009765625
1774884842.4785361,21400,7620.60009765625
1774885352.818795,21500,7723.5498046875
1774885863.8083687,21600,7579.25
1774886378.3813534,21700,7730.0498046875
1774886887.4354434,21800,7727.5
1774887401.2224905,21900,7695.60009765625
1774887917.0215487,22000,7656.5
1774888431.4222596,22100,7709.9501953125
1774888941.9374924,22200,7705.60009765625
1774889453.3251448,22300,7724.35009765625
1774889966.334995,22400,7690.89990234375
1774890478.5104282,22500,7727.7001953125
1774890992.7397954,22600,7718.85009765625
1774891499.3813884,22700,7673.39990234375
1774892011.122505,22800,7708.2998046875
1774892521.522359,22900,7600.35009765625
1774893033.06111,23000,7550.7998046875
1774893547.5653496,23100,7611.0498046875
1774894055.8584635,23200,7679.7001953125
1774894563.765396,23300,7673.2001953125
1774895075.451893,23400,7693.39990234375
1774895588.436121,23500,7716.2001953125
1774896104.3748908,23600,7704.14990234375
1774896618.4499607,23700,7538.14990234375
1774897128.8339968,23800,7705.25
1774897643.377301,23900,7711.89990234375
1774898162.2363682,24000,7712.10009765625
1774898674.482393,24100,7676.5498046875
1774899183.7560148,24200,7738.7998046875
1774899699.108327,24300,7747.14990234375
1774900211.1266298,24400,7709.14990234375
1774900723.465616,24500,7694.5
1774901236.674934,24600,7641.4501953125
1774901755.594756,24700,7720.10009765625
1774902271.2406635,24800,7573.25
1774902783.3931122,24900,7661.4501953125
1774903299.5400696,25000,7615.4501953125
1774903811.4906192,25100,7712.60009765625
1774904331.0713818,25200,7702.89990234375
1774904846.4875088,25300,7638.35009765625
1774905359.1124675,25400,7693.2001953125
1774905873.8827212,25500,7692.14990234375
1774906388.1107025,25600,7666.4501953125
1774906899.2756946,25700,7664.85009765625
1774907412.6128678,25800,7737.89990234375
1774907926.8247976,25900,7700.5
1774908437.4340742,26000,7694.10009765625
1774908948.2962759,26100,7703.39990234375
1774909456.5460985,26200,7668.64990234375
1774909971.985645,26300,7722.39990234375
1774910486.5632794,26400,7767.4501953125
1774911002.5987656,26500,7716.7998046875
1774911520.8505132,26600,7735.0498046875
1774912037.0858312,26700,7719.89990234375
1774912550.831635,26800,7699.64990234375
1774913069.0815444,26900,7618.85009765625
1774913581.623944,27000,7519.35009765625
1774914095.7622457,27100,7593.0498046875
1774914613.1948884,27200,7684.7998046875
1774915129.807832,27300,7654.5498046875
1774915644.5192156,27400,7544.2001953125
1774916160.995807,27500,7638.2998046875
1774916676.6061437,27600,7677.4501953125
1774917199.34488,27700,7684.7001953125
1774917711.7686234,27800,7596.2001953125
1774918228.8953876,27900,7560.9501953125
1774918749.7722263,28000,7625.64990234375
1774919265.740572,28100,7599.89990234375
1774919780.3944998,28200,7580.0498046875
1774920299.1213305,28300,7560.75
1774920812.3040676,28400,7678.7998046875
1774921330.1337495,28500,7578.2001953125
1774921843.671413,28600,7645.75
1774922360.4186127,28700,7617.7998046875
1774922877.2736216,28800,7563.89990234375
1774923391.621286,28900,7531.5
1774923903.1676273,29000,7586.7001953125
1774924420.5378253,29100,7575.5498046875
1774924937.9133837,29200,7671.39990234375
1774925453.7309506,29300,7701.39990234375
1774925966.7260673,29400,7550.0498046875
1774926482.1767538,29500,7514.64990234375
1774927003.6113,29600,7588.14990234375
1774927520.796059,29700,7561.64990234375
1774928041.9786274,29800,7595.9501953125
1774928563.315936,29900,7542.39990234375
1774929082.3717346,30000,7573.64990234375
1774929605.8480957,30100,7520.7001953125
1774930126.980027,30200,7606.0498046875
1774930642.192406,30300,7479.9501953125
1774931158.1382384,30400,7587.0
1774931677.5087237,30500,7554.7998046875
1774932192.9301229,30600,7612.5
1774932712.925563,30700,7576.5
1774933230.8927903,30800,7549.64990234375
1774933746.6663685,30900,7563.0498046875
1774934263.1988995,31000,7696.5
1774934787.615319,31100,7742.35009765625
1774935309.628228,31200,7694.60009765625
1774935832.4065585,31300,7654.35009765625
1774936356.546308,31400,7529.0
1774936869.0407186,31500,7683.35009765625
1774937385.5693383,31600,7694.64990234375
1774937905.0838382,31700,7704.9501953125
1774938422.193822,31800,7530.25
1774938943.4458654,31900,7554.0498046875
1774939469.9484158,32000,7689.10009765625
1774939990.104241,32100,7747.5498046875
1774940508.8010116,32200,7718.7001953125
1774941026.9561687,32300,7707.2001953125
1774941545.7543619,32400,7623.4501953125
1774942067.666471,32500,7496.0
1774942594.1840606,32600,7616.9501953125
1774943111.129162,32700,7620.0498046875
1774943630.5900035,32800,7566.10009765625
1774944151.9268687,32900,7578.5
1774944665.972764,33000,7550.2001953125
1774945184.3983767,33100,7702.7998046875
1774945704.5084374,33200,7626.5
1774946222.7883468,33300,7480.5498046875
1774946738.4056163,33400,7563.7998046875
1774947259.9495778,33500,7704.60009765625
1774947779.6152022,33600,7724.89990234375
1774948296.7212472,33700,7570.7001953125
1774948815.3295271,33800,7408.5498046875
1774949339.2300947,33900,7607.10009765625
1774949857.439185,34000,7671.0498046875
1774950380.282693,34100,7666.4501953125
1774950903.4985106,34200,7661.75
1774951418.0772872,34300,7518.9501953125
1774951938.444071,34400,7608.7998046875
1774952460.9346156,34500,7727.60009765625
1774952986.882805,34600,7749.0
1774953510.4183512,34700,7737.5
1774954030.3589568,34800,7555.35009765625
1774954548.9368877,34900,7527.60009765625
1774955071.1429632,35000,7539.0498046875
1774955593.3666942,35100,7590.85009765625
1774956113.3855107,35200,7674.10009765625
1774956635.540551,35300,7602.9501953125
1774957155.7507162,35400,7580.2001953125
1774957682.7442062,35500,7540.60009765625
1774958211.4010415,35600,7510.10009765625
1774958745.5480094,35700,7481.5498046875
1774959268.9602323,35800,7580.5498046875
1774959791.572912,35900,7670.4501953125
1774960312.4291596,36000,7659.85009765625
1774960835.0777783,36100,7544.0498046875
1774961365.1176555,36200,7615.5498046875
1774961891.948153,36300,7713.75
1774962429.0653744,36400,7675.7998046875
1774962950.733827,36500,7675.39990234375
1774963468.4925606,36600,7638.2998046875
1774963990.2923336,36700,7562.14990234375
1774964506.4881349,36800,7611.75
1774965029.6369207,36900,7608.39990234375
1774965549.658793,37000,7532.39990234375
1774966065.7021499,37100,7580.0
1774966588.371746,37200,7538.10009765625
1774967112.6777909,37300,7533.2001953125
1774967632.72872,37400,7523.14990234375
1774968158.7319665,37500,7472.5
1774968681.3440158,37600,7545.75
1774969204.8380651,37700,7550.0498046875
1774969731.7726607,37800,7600.75
1774970264.8208463,37900,7598.9501953125
1774970795.9812055,38000,7596.0498046875
1774971324.5416973,38100,7605.0498046875
1774971849.7781188,38200,7639.60009765625
1774972376.5275457,38300,7516.0498046875
1774972909.579172,38400,7576.39990234375
1774973437.3643546,38500,7632.4501953125
1774973966.7204998,38600,7606.10009765625
1774974493.7660346,38700,7618.64990234375
1774975021.531205,38800,7707.89990234375
1774975548.8727033,38900,7691.0
1774976082.9749804,39000,7662.64990234375
1774976608.8392432,39100,7607.2998046875
1774977138.2780445,39200,7633.7001953125
1774977670.2939198,39300,7529.0498046875
1774978201.6295507,39400,7578.10009765625
1774978730.662984,39500,7629.85009765625
1774979261.4124753,39600,7601.5498046875
1774979791.2907014,39700,7568.0
1774980326.1486652,39800,7560.2001953125
1774980855.6497517,39900,7584.7998046875
1774981384.8317544,40000,7548.0
1774981914.8252347,40100,7546.14990234375
1774982442.295497,40200,7634.64990234375
1774982974.4368894,40300,7585.64990234375
1774983505.1012974,40400,7583.2998046875
1774984034.4892354,40500,7475.89990234375
1774984569.6897073,40600,7600.14990234375
1774985098.160705,40700,7588.0498046875
1774985629.951351,40800,7586.25
1774986161.936686,40900,7550.9501953125
1774986689.5825832,41000,7612.60009765625
1774987222.777566,41100,7614.0
1774987754.8458378,41200,7598.89990234375
1774988283.1638234,41300,7558.5498046875
1774988820.406821,41400,7613.2998046875
1774989355.9716594,41500,7599.5498046875
1774989889.0911036,41600,7597.25
1774990426.2164989,41700,7604.39990234375
1774990961.9029925,41800,7593.5
1774991499.8446257,41900,7575.7998046875
1774992033.9071715,42000,7629.60009765625
1774992565.2806962,42100,7661.5
1774993098.4164646,42200,7641.5
1774993632.2193213,42300,7647.5498046875
1774994169.7459302,42400,7589.0
1774994708.105047,42500,7606.7998046875
1774995243.6686275,42600,7518.0
1774995776.051963,42700,7546.89990234375
1774996312.3693373,42800,7643.2001953125
1774996852.2769425,42900,7562.14990234375
1774997390.5571744,43000,7486.2998046875
1774997923.8803802,43100,7481.4501953125
1774998458.9902947,43200,7520.9501953125
1774998992.0028996,43300,7416.0498046875
1774999525.75396,43400,7515.7001953125
1775000061.9434938,43500,7607.4501953125
1775000598.0015903,43600,7454.5498046875
1775001133.424438,43700,7588.39990234375
1775001663.4328098,43800,7560.9501953125
1775002196.7366025,43900,7504.2001953125
1775002738.491425,44000,7491.35009765625
1775003275.8522036,44100,7510.35009765625
1775003815.8750966,44200,7493.39990234375
1775004355.1809099,44300,7471.5498046875
1775004889.314276,44400,7523.9501953125
1775005423.8309715,44500,7579.4501953125
1775005960.919534,44600,7536.14990234375
1775006500.8306403,44700,7565.0
1775007042.1308975,44800,7478.89990234375
1775007573.085751,44900,7475.2998046875
1775008111.447565,45000,7465.35009765625
1775008654.449221,45100,7423.7998046875
1775009193.7386189,45200,7506.5498046875
1775009730.9548764,45300,7521.14990234375
1775010272.153007,45400,7479.0
1775010810.7722104,45500,7445.2001953125
1775011347.1684377,45600,7495.7001953125
1775011884.7008445,45700,7480.2001953125
1775012417.8039362,45800,7419.0498046875
1775012952.6790335,45900,7563.25
1775013491.075761,46000,7514.64990234375
1775014031.7873273,46100,7431.2001953125
1775014568.0971413,46200,7437.25
1775015105.127198,46300,7453.2001953125
1775015641.627276,46400,7550.35009765625
1775016179.3475397,46500,7406.4501953125
1775016719.6898565,46600,7474.85009765625
1775017253.6531508,46700,7550.7001953125
1775017790.2240667,46800,7504.64990234375
1775018331.2474196,46900,7480.2998046875
1775018867.1022096,47000,7485.89990234375
1775019409.8693693,47100,7484.5498046875
1775019947.5993872,47200,7488.25
1775020485.2515173,47300,7506.60009765625
1775021025.2888784,47400,7342.7998046875
1775021567.2611098,47500,7438.89990234375
1775022112.5831244,47600,7435.7001953125
1775022654.4304225,47700,7401.75
1775023196.298828,47800,7401.10009765625
1775023735.1454368,47900,7473.2001953125
1775024270.7535543,48000,7548.0
1775024808.6121376,48100,7491.35009765625
1775025348.634469,48200,7508.10009765625
1775025893.8901296,48300,7485.64990234375
1775026437.4696374,48400,7544.5498046875
1775026973.1291575,48500,7470.60009765625
1775027518.9776967,48600,7393.5498046875
1775028062.9135406,48700,7560.0498046875
1775028607.1192787,48800,7559.7998046875
1775029151.877941,48900,7455.2998046875
1775029692.130871,49000,7463.14990234375
1775030235.1609268,49100,7463.25
1775030777.940195,49200,7520.5
1775031326.064769,49300,7372.75
1775031869.6345415,49400,7422.35009765625
1775032412.6333106,49500,7391.5498046875
1775032955.4566514,49600,7409.60009765625
1775033499.68724,49700,7382.0
1775034042.3390434,49800,7466.75
1775034581.6547592,49900,7405.39990234375
1775035127.919402,50000,7313.64990234375
1775035673.5011313,50100,7377.85009765625
1775036215.3268728,50200,7454.0
1775036758.5463426,50300,7445.64990234375
1775037297.1483626,50400,7463.5498046875
1775037846.0507402,50500,7419.35009765625
1775038397.4942813,50600,7399.5
1775038946.4042091,50700,7408.7998046875
1775039496.5795932,50800,7426.60009765625
1775040045.6232016,50900,7447.75
1775040591.1383467,51000,7530.4501953125
1775041140.7760048,51100,7463.5
1775041690.231501,51200,7428.35009765625
1775042233.3039453,51300,7393.5
1775042783.4573677,51400,7469.75
1775043334.013633,51500,7454.5
1775043879.5182688,51600,7396.89990234375
1775044429.185294,51700,7363.5498046875
1775044972.303565,51800,7480.0498046875
1775045515.6255038,51900,7381.85009765625
1775046056.847008,52000,7453.0
1775046601.5617542,52100,7388.89990234375
1775047154.8468287,52200,7405.2001953125
1775047699.2809076,52300,7481.14990234375
1775048247.025755,52400,7419.89990234375
1775048795.6042626,52500,7343.7001953125
1775049347.3407104,52600,7369.25
1775049894.4418902,52700,7316.75
1775050441.8948371,52800,7362.0498046875
1775050992.1430058,52900,7408.4501953125
1775051539.8217108,53000,7479.7001953125
1775052084.5173197,53100,7366.5498046875
1775052629.7777305,53200,7448.0498046875
1775053175.553668,53300,7401.85009765625
1775053720.1552808,53400,7441.5498046875
1775054267.56598,53500,7423.75
1775054818.3544784,53600,7363.4501953125
1775055369.2472537,53700,7328.89990234375
1775055918.2378123,53800,7372.89990234375
1775056467.5403092,53900,7463.89990234375
1775057015.7636323,54000,7412.10009765625
1775057569.364146,54100,7378.14990234375
1775058118.6657913,54200,7347.4501953125
1775058665.3756993,54300,7343.60009765625
1775059214.0282834,54400,7420.25
1775059764.4441125,54500,7341.25
1775060312.1541178,54600,7370.10009765625
1775060857.3830695,54700,7455.0498046875
1775061404.3815663,54800,7361.2001953125
1775061952.8905272,54900,7409.0498046875
1775062505.9558675,55000,7428.2001953125
1775063060.5728207,55100,7379.2001953125
1775063614.7775354,55200,7410.2001953125
1775064167.1841648,55300,7427.64990234375
1775064718.280598,55400,7340.39990234375
1775065269.317215,55500,7407.5498046875
1775065818.9558103,55600,7430.85009765625
1775066372.8358634,55700,7402.9501953125
1775066925.3963149,55800,7286.10009765625
1775067478.5977478,55900,7349.75
1775068033.3738396,56000,7358.5498046875
1775068584.5604694,56100,7385.35009765625
1775069135.0737174,56200,7402.75
1775069690.9747953,56300,7319.85009765625
1775070250.1264615,56400,7396.9501953125
1775070810.9923863,56500,7420.0
1775071367.0983944,56600,7289.0498046875
1775071920.3313313,56700,7374.60009765625
1775072478.3929036,56800,7483.4501953125
1775073031.064701,56900,7356.10009765625
1775073578.809044,57000,7360.25
1775074132.0327337,57100,7502.5498046875
1775074685.2147317,57200,7389.89990234375
1775075242.7385063,57300,7288.89990234375
1775075801.418705,57400,7398.10009765625
1775076360.589411,57500,7331.14990234375
1775076918.026366,57600,7317.7998046875
1775077476.4004252,57700,7347.0498046875
1775078030.6777008,57800,7449.35009765625
1775078587.326353,57900,7341.89990234375
1775079143.0524337,58000,7420.7998046875
1775079698.6954312,58100,7377.85009765625
1775080255.4591455,58200,7372.5
1775080812.785737,58300,7423.5498046875
1775081366.4785695,58400,7405.7998046875
1775081923.535657,58500,7463.75
1775082479.5719924,58600,7447.39990234375
1775083036.3454032,58700,7333.5498046875
1775083590.6332734,58800,7450.85009765625
1775084145.6308708,58900,7351.2998046875
1775084706.536522,59000,7447.4501953125
1775085256.6700912,59100,7444.4501953125
1775085806.723631,59200,7592.7998046875
1775086359.360505,59300,7361.4501953125
1775086911.7331014,59400,7440.9501953125
1775087465.7128844,59500,7453.64990234375
1775088018.875185,59600,7457.60009765625
1775088570.1117532,59700,7491.5
1775089122.6667697,59800,7388.2001953125
1775089673.1363773,59900,7476.14990234375
1775090221.7422838,60000,7414.25
1775090771.1502018,60100,7442.60009765625
1775091318.1211212,60200,7504.7998046875
1775091866.6093152,60300,7296.7998046875
1775092417.534661,60400,7334.2001953125
1775092969.425593,60500,7399.7998046875
1775093520.9431994,60600,7357.5498046875
1775094068.7449977,60700,7404.89990234375
1775094618.5218966,60800,7404.60009765625
1775095168.161331,60900,7408.2001953125
1775095719.518584,61000,7370.7998046875
1775096274.3251243,61100,7448.75
1775096825.8818476,61200,7363.2001953125
1775097378.3975956,61300,7402.0
1775097929.183375,61400,7418.5498046875
1775098481.6473546,61500,7324.9501953125
1775099033.361973,61600,7512.2998046875
1775099588.101702,61700,7365.5498046875
1775100140.912871,61800,7360.7001953125
1775100695.128647,61900,7277.4501953125
1775101249.9362805,62000,7354.14990234375
1775101806.9106965,62100,7343.25
1775102359.28513,62200,7377.14990234375
1775102913.0923088,62300,7407.2001953125
1775103466.1092615,62400,7474.7998046875
1775104019.0052795,62500,7460.5
1775104573.6014116,62600,7364.9501953125
1775105128.4318717,62700,7386.64990234375
1775105680.2391741,62800,7426.7998046875
1775106240.2139163,62900,7360.85009765625
1775106793.4790635,63000,7419.0498046875
1775107350.8850563,63100,7393.4501953125
1775107906.983811,63200,7433.85009765625
1775108459.327187,63300,7373.10009765625
1775109015.0696924,63400,7420.75
1775109568.0383968,63500,7384.0498046875
1775110121.2254853,63600,7385.39990234375
1775110679.1322236,63700,7426.7001953125
1775111234.2747607,63800,7325.39990234375
1775111789.6568825,63900,7367.89990234375
1775112347.105802,64000,7399.5498046875
1775112901.6254046,64100,7335.9501953125
1775113454.7070699,64200,7517.14990234375
1775114015.6524737,64300,7431.89990234375
1775114570.9501588,64400,7365.5
1775115126.2969065,64500,7407.85009765625
1775115680.2631996,64600,7289.9501953125
1775116234.0484312,64700,7369.2998046875
1775116792.2088606,64800,7387.4501953125
1775117352.2101855,64900,7453.4501953125
1775117908.6408076,65000,7409.39990234375
1775118467.2554717,65100,7425.10009765625
1775119021.3534794,65200,7383.7001953125
1775119578.126538,65300,7398.60009765625
1775120135.7166913,65400,7419.60009765625
1775120691.8039565,65500,7383.64990234375
1775121248.6650262,65600,7371.64990234375
1775121802.7269602,65700,7469.2001953125
1775122361.4824424,65800,7337.60009765625
1775122915.1852705,65900,7417.7998046875
1775123473.9575427,66000,7391.9501953125
1775124028.0252342,66100,7356.14990234375
1775124586.8427904,66200,7364.5498046875
1775125142.3529,66300,7403.85009765625
1775125702.099061,66400,7488.9501953125
1775126258.8891373,66500,7372.14990234375
1775126814.933991,66600,7405.89990234375
1775127371.7380774,66700,7434.7001953125
1775127928.4010956,66800,7339.35009765625
1775128486.396107,66900,7387.39990234375
1775129042.2841153,67000,7403.14990234375
1775129597.3475509,67100,7421.7001953125
1775130152.8933094,67200,7334.2001953125
1775130709.5382288,67300,7470.10009765625
1775131266.1290717,67400,7415.35009765625
1775131821.2984402,67500,7341.39990234375
1775132381.5677974,67600,7329.60009765625
1775132938.5658414,67700,7320.0498046875
1775133497.5258367,67800,7312.0
1775134053.5649126,67900,7389.64990234375
1775134607.3005292,68000,7416.7998046875
1775135161.4057803,68100,7402.10009765625
1775135715.522569,68200,7452.75
1775136274.6503816,68300,7252.2001953125
1775136833.6519928,68400,7294.35009765625
1775137390.7497628,68500,7376.35009765625
1775137946.4790516,68600,7370.2001953125
1775138505.9113815,68700,7358.5
1775139059.269541,68800,7319.25
1775139615.0808258,68900,7281.39990234375
1775140172.3255208,69000,7322.5498046875
1775140726.3917542,69100,7326.9501953125
1775141284.143271,69200,7379.75
1775141839.7518635,69300,7382.25
1775142395.7247996,69400,7312.7998046875
1775142949.7073863,69500,7398.14990234375
1775143511.4315217,69600,7310.10009765625
1775144065.3362598,69700,7260.7001953125
1775144622.1006157,69800,7354.14990234375
1775145176.8762999,69900,7333.39990234375
1775145735.433377,70000,7356.60009765625
1775146291.4905941,70100,7370.0
1775146845.837606,70200,7256.5
1775147398.715744,70300,7320.60009765625
1775147954.9874704,70400,7292.85009765625
1775148508.3840537,70500,7294.14990234375
1775149063.8190534,70600,7338.25
1775149619.9265702,70700,7429.60009765625
1775150176.8734329,70800,7330.5498046875
1775150733.5973136,70900,7369.4501953125
1775151287.251299,71000,7296.9501953125
1775151841.9388657,71100,7340.0498046875
1775152400.336632,71200,7400.9501953125
1775152953.3439949,71300,7360.85009765625
1775153508.0367944,71400,7367.39990234375
1775154063.58911,71500,7284.9501953125
1775154614.3741624,71600,7401.89990234375
1775155172.023911,71700,7235.89990234375
1775155725.7987185,71800,7297.14990234375
1775156283.589577,71900,7403.75
1775156838.4501073,72000,7292.14990234375
1775157394.3189719,72100,7346.39990234375
1775157950.4061968,72200,7324.2998046875
1775158504.7719498,72300,7339.7998046875
1775159060.7424293,72400,7364.0498046875
1775159615.9209569,72500,7320.7001953125
1775160165.0181925,72600,7267.5
1775160721.9581544,72700,7372.89990234375
1775161280.2468915,72800,7345.25
1775161835.610676,72900,7293.25
1775162390.6852746,73000,7279.0498046875
1775162941.6540654,73100,7287.35009765625
1775163495.9511495,73200,7341.2001953125
1775164053.9572468,73300,7466.64990234375
1775164605.5238461,73400,7390.39990234375
1775165161.7694154,73500,7358.0
1775165716.625228,73600,7434.2001953125
1775166273.7968266,73700,7374.7998046875
1775166827.638128,73800,7402.75
1775167383.9763591,73900,7416.25
1775167935.8425915,74000,7374.4501953125
1775168490.581599,74100,7438.75
1775169048.3202322,74200,7466.2001953125
1775169600.421251,74300,7418.10009765625
1775170159.3075645,74400,7305.89990234375
1775170711.2913332,74500,7311.0498046875
1775171262.2780554,74600,7369.9501953125
1775171813.7362,74700,7374.64990234375
1775172366.630662,74800,7422.75
1775172922.96915,74900,7340.0498046875
1775173478.7347956,75000,7376.10009765625
1775174028.884056,75100,7418.10009765625
1775174582.5992448,75200,7316.89990234375
1775175136.5251212,75300,7449.4501953125
1775175694.617516,75400,7379.2001953125
1775176252.4616115,75500,7368.0
1775176808.2777667,75600,7383.14990234375
1775177361.273952,75700,7274.35009765625
1775177917.7393355,75800,7344.7001953125
1775178471.5645285,75900,7340.2001953125
1775179026.4631646,76000,7275.7998046875
1775179581.5645797,76100,7329.25
1775180137.2445238,76200,7327.14990234375
1775180695.3026607,76300,7393.14990234375
1775181247.844514,76400,7343.9501953125
1775181804.2490015,76500,7396.64990234375
1775182354.8667042,76600,7307.85009765625
1775182913.5637524,76700,7351.4501953125
1775183467.3471603,76800,7388.7998046875
1775184019.1417243,76900,7329.75
1775184573.1339645,77000,7388.25
1775185129.0892866,77100,7374.4501953125
1775185680.3159018,77200,7466.7001953125
1775186234.6869738,77300,7401.10009765625
1775186787.7187614,77400,7394.5498046875
1775187346.5270433,77500,7284.10009765625
1775187901.9881454,77600,7406.35009765625
1775188455.2148254,77700,7378.75
1775189012.2202299,77800,7333.60009765625
1775189566.921481,77900,7304.14990234375
1775190120.2728703,78000,7268.64990234375
1775190673.9181023,78100,7326.7001953125
1775191228.489096,78200,7341.14990234375
1775191780.5248764,78300,7295.2998046875
1775192337.647344,78400,7323.25
1775192892.5704784,78500,7371.4501953125
1775193446.1579142,78600,7412.0498046875
1775193998.7171295,78700,7355.35009765625
1775194549.1420734,78800,7354.5498046875
1775195100.235563,78900,7305.25
1775195654.0984719,79000,7315.35009765625
1775196207.2397668,79100,7406.10009765625
1775196760.935362,79200,7301.60009765625
1775197314.1319106,79300,7331.25
1775197867.8507648,79400,7242.9501953125
1775198420.9745333,79500,7345.2001953125
1775198976.0062625,79600,7355.2001953125
1775199527.8340569,79700,7250.89990234375
1775200084.4165425,79800,7295.7998046875
1775200637.7754445,79900,7340.64990234375
1775201186.366241,80000,7346.9501953125
1775201737.0655668,80100,7215.14990234375
1775202288.7731419,80200,7288.10009765625
1775202842.5876617,80300,7360.4501953125
1775203400.3199646,80400,7338.2998046875
1775203958.5722601,80500,7312.35009765625
1775204513.4695418,80600,7278.64990234375
1775205065.1611586,80700,7311.5498046875
1775205619.00195,80800,7268.35009765625
1775206171.312313,80900,7343.85009765625
1775206725.032538,81000,7273.7001953125
1775207276.7340126,81100,7251.14990234375
1775207826.4799225,81200,7293.2998046875
1775208379.9064436,81300,7308.60009765625
1775208929.8795233,81400,7379.35009765625
1775209484.533441,81500,7454.35009765625
1775210033.6007512,81600,7382.39990234375
1775210586.5408776,81700,7318.64990234375
1775211140.3628044,81800,7317.7998046875
1775211695.5420408,81900,7317.89990234375
1775212251.545509,82000,7230.5498046875
1775212804.5454023,82100,7392.89990234375
1775213356.75133,82200,7216.0498046875
1775213912.0754356,82300,7235.89990234375
1775214461.0231183,82400,7252.10009765625
1775215011.6365826,82500,7224.2998046875
1775215564.677515,82600,7399.2998046875
1775216118.1840005,82700,7320.10009765625
1775216671.3621678,82800,7303.89990234375
1775217226.1124902,82900,7215.0498046875
1775217774.7465098,83000,7187.89990234375
1775218324.381308,83100,7227.9501953125
1775218873.2961156,83200,7185.85009765625
1775219420.6320348,83300,7309.60009765625
1775219967.9799101,83400,7378.2001953125
1775220513.0083086,83500,7355.89990234375
1775221060.5647237,83600,7339.14990234375
1775221608.104517,83700,7263.7001953125
1775222153.7456162,83800,7383.2001953125
1775222698.926742,83900,7323.14990234375
1775223245.1198528,84000,7414.60009765625
1775223792.120769,84100,7404.25
1775224337.3933582,84200,7330.5
1775224887.5853848,84300,7387.7001953125
1775225434.7231517,84400,7375.75
1775225985.0284045,84500,7362.89990234375
1775226533.0031033,84600,7418.2001953125
1775227092.5328941,84700,7365.5498046875
1775227651.2345083,84800,7448.25
1775228200.7135987,84900,7399.9501953125
1775228745.8689392,85000,7373.89990234375
1775229291.701819,85100,7397.4501953125
1775229836.4599314,85200,7421.7998046875
1775230386.3063085,85300,7366.5498046875
1775230936.8286908,85400,7450.2001953125
1775231480.7529655,85500,7351.75
1775232026.1768997,85600,7407.7001953125
1775232570.202618,85700,7383.4501953125
1775233114.8410187,85800,7386.7001953125
1775233663.4846237,85900,7349.7998046875
1775234211.849151,86000,7417.7998046875
1775234755.9993594,86100,7305.85009765625
1775235303.224694,86200,7378.4501953125
1775235848.632211,86300,7322.35009765625
1775236394.934731,86400,7386.25
1775236940.31434,86500,7350.60009765625
1775237480.7438283,86600,7293.39990234375
1775238030.648436,86700,7423.35009765625
1775238579.816324,86800,7357.25
1775239129.2250175,86900,7366.14990234375
1775239673.2651875,87000,7454.2001953125
1775240221.7441514,87100,7443.7998046875
1775240769.4831653,87200,7405.75
1775241319.5160723,87300,7418.75
1775241863.7222443,87400,7420.10009765625
1775242410.673171,87500,7403.4501953125
1775242959.4545636,87600,7279.7998046875
1775243505.2919602,87700,7330.89990234375
1775244050.3620625,87800,7230.14990234375
1775244596.0126686,87900,7191.9501953125
1775245139.9977632,88000,7365.64990234375
1775245691.156894,88100,7340.7001953125
1775246238.9894602,88200,7327.35009765625
1775246784.7475414,88300,7370.14990234375
1775247331.6825094,88400,7213.89990234375
1775247880.2204645,88500,7311.64990234375
1775248426.145806,88600,7315.7998046875
1775248973.5104966,88700,7327.85009765625
1775249522.276517,88800,7300.2001953125
1775250071.4804661,88900,7322.2001953125
1775250616.431667,89000,7333.14990234375
1775251164.4503489,89100,7389.4501953125
1775251710.4786594,89200,7284.85009765625
1775252257.1851246,89300,7314.5498046875
1775252805.1287837,89400,7373.2001953125
1775253352.1991637,89500,7247.39990234375
1775253898.067648,89600,7362.60009765625
1775254442.2538095,89700,7432.7001953125
1775254989.57475,89800,7359.4501953125
1775255534.276657,89900,7381.25
1775256077.5394142,90000,7296.75
1775256627.651367,90100,7309.7001953125
1775257174.6102355,90200,7248.14990234375
1775257720.6495147,90300,7291.60009765625
1775258264.450898,90400,7353.7001953125
1775258810.5376534,90500,7336.39990234375
1775259358.3586276,90600,7416.14990234375
1775259905.7301292,90700,7261.75
1775260454.1191156,90800,7382.89990234375
1775261003.7202785,90900,7344.85009765625
1775261550.4584587,91000,7361.2998046875
1775262096.8549278,91100,7290.25
1775262644.6774838,91200,7305.2001953125
1775263191.6227884,91300,7386.89990234375
1775263737.4896972,91400,7333.7001953125
1775264287.2493901,91500,7302.89990234375
1775264832.119807,91600,7307.89990234375
1775265375.7629688,91700,7322.5
1775265920.7645676,91800,7291.39990234375
1775266466.621495,91900,7287.0
1775267012.9757283,92000,7323.5
1775267556.484638,92100,7428.5498046875
1775268101.7025385,92200,7362.89990234375
1775268650.1507015,92300,7308.60009765625
1775269194.0167196,92400,7268.64990234375
1775269743.0999599,92500,7236.7998046875
1775270292.4385037,92600,7406.89990234375
1775270839.543653,92700,7255.89990234375
1775271389.7187643,92800,7302.89990234375
1775271939.0794568,92900,7354.64990234375
1775272487.7049263,93000,7264.64990234375
1775273036.9820662,93100,7239.5
1775273583.6206913,93200,7334.2998046875
1775274129.3091083,93300,7246.64990234375
1775274674.4540458,93400,7248.85009765625
1775275217.4167342,93500,7303.14990234375
1775275765.6035674,93600,7297.0498046875
1775276308.5066981,93700,7248.10009765625
1775276852.4585333,93800,7299.25
1775277400.2586606,93900,7272.2001953125
1775277946.6696937,94000,7248.14990234375
1775278499.941833,94100,7239.89990234375
1775279046.3705084,94200,7325.7001953125
1775279589.1714497,94300,7412.0
1775280134.1619632,94400,7283.39990234375
1775280681.122187,94500,7292.14990234375
1775281228.9394302,94600,7324.4501953125
1775281778.0828316,94700,7255.39990234375
1775282323.5142367,94800,7249.5498046875
1775282869.8954282,94900,7287.35009765625
1775283419.8143353,95000,7299.2001953125
1775283964.7729728,95100,7271.14990234375
1775284509.7155044,95200,7257.89990234375
1775285057.2480724,95300,7264.14990234375
1775285602.730739,95400,7278.5
1775286152.433132,95500,7275.2998046875
1775286697.2114503,95600,7322.5
1775287244.9335365,95700,7282.4501953125
1775287786.8008773,95800,7308.89990234375
1775288331.2931576,95900,7265.0498046875
1775288876.7122443,96000,7291.0
1775289420.608909,96100,7293.5
1775289968.5642784,96200,7240.25
1775290517.5378695,96300,7274.2001953125
1775291064.7712002,96400,7339.85009765625
1775291614.7267427,96500,7209.64990234375
1775292163.8521826,96600,7331.9501953125
1775292711.6591206,96700,7348.85009765625
1775293259.8816078,96800,7295.5
1775293807.7292836,96900,7222.5498046875
1775294353.3573194,97000,7301.5
1775294899.884711,97100,7274.25
1775295447.1696537,97200,7283.7001953125
1775295995.2606244,97300,7241.10009765625
1775296540.7749114,97400,7303.64990234375
1775297085.667112,97500,7272.4501953125
1775297632.48406,97600,7223.2001953125
1775298183.9210813,97700,7310.5
1775298730.0412762,97800,7253.5498046875
1775299280.3481581,97900,7333.85009765625
1775299824.435613,98000,7374.89990234375
1775300373.8319468,98100,7335.7998046875
1775300921.2890208,98200,7280.4501953125
1775301469.508645,98300,7287.10009765625
1775302018.5750809,98400,7328.60009765625
1775302566.7676332,98500,7282.14990234375
1775303115.7845433,98600,7322.10009765625
1775303662.6116104,98700,7344.85009765625
1775304210.2912612,98800,7303.4501953125
1775304757.4087367,98900,7312.7001953125
1775305303.0751557,99000,7235.4501953125
1775305850.0261576,99100,7341.14990234375
1775306399.4103823,99200,7384.14990234375
1775306946.5587502,99300,7304.35009765625
1775307492.113372,99400,7435.5498046875
1775308038.3117595,99500,7350.60009765625
1775308582.8329296,99600,7300.64990234375
1775309131.2298417,99700,7287.89990234375
1775309677.2562897,99800,7367.89990234375
1775310222.6254425,99900,7465.5
1775310770.424829,100000,7250.9501953125
